Serial No,X coordinate,Y coordinate
1,358.8,234.0
2,487.2,349.2
3,387.59999999999997,364.8
4,286.8,308.4
5,444.0,148.79999999999998
6,370.8,62.4
